{
  "id": "event-flow",
  "pos": {
    "s1": {
      "x": 0,
      "y": -260
    },
    "s2": {
      "x": 0,
      "y": -180
    },
    "s3": {
      "x": 0,
      "y": -100
    },
    "renderer": {
      "x": 0,
      "y": -10
    },
    "s5": {
      "x": 0,
      "y": 90
    },
    "s6": {
      "x": 1,
      "y": 176
    },
    "s7": {
      "x": 0,
      "y": 250
    }
  },
  "view": {
    "x": -3.6151170947995217,
    "y": -6.655705462215891
  },
  "scale": 0.7167458127689798
}
