{
  "id": "vnode-patch-flow",
  "pos": {
    "new-none": {
      "x": 2,
      "y": -165
    },
    "new-text": {
      "x": 6,
      "y": 41
    },
    "new-group": {
      "x": 8,
      "y": 238
    },
    "old-none-1": {
      "x": 260,
      "y": -220
    },
    "old-text-1": {
      "x": 260,
      "y": -160
    },
    "old-group-1": {
      "x": 260,
      "y": -100
    },
    "old-none-2": {
      "x": 260,
      "y": -20
    },
    "old-text-2": {
      "x": 260,
      "y": 40
    },
    "old-group-2": {
      "x": 260,
      "y": 100
    },
    "old-none-3": {
      "x": 260,
      "y": 180
    },
    "old-text-3": {
      "x": 260,
      "y": 240
    },
    "old-group-3": {
      "x": 260,
      "y": 300
    }
  },
  "view": {
    "x": 144.8576416914779,
    "y": 50.67467099460659
  },
  "scale": 0.7014918414918414
}
